{
    "action": {
      "actionToPerform": "Continue",
      "displayAddress": "sip:+358480786487@ims8.wirelessfuture.com",
      "digitCapture": {
        "digitConfiguration": {
          "maxDigits": 10,
          "minDigits": 1,
          "endChar": "#"
        },
        "playingConfiguration": {
          "playFileLocation": "http://e9481228.ngrok.io/audio.wav"
        },
        "callParticipant": [
          "sip:+358480786489@ims8.wirelessfuture.com"
        ]
      },
      "playAndCollectInteractionSubscription": {
        "callbackReference": {
          "notifyURL": "http://e9481228.ngrok.io/callevent/callback"
        }
      }
    }
}